# Select - Sort

<pre>
mysql> select * from weather;
+------------+---------+------+
| day        | weather | temp |
+------------+---------+------+
| 2021-05-26 | cloudy  |   20 |
| 2021-05-27 | rainy   |   19 |
| 2021-05-28 | rainy   |   18 |
| 2021-05-29 | sunny   |   21 |
| 2021-05-30 | cloudy  |   21 |
| 2021-05-31 | sunny   |   22 |
+------------+---------+------+
6 rows in set (0.00 sec)
</pre>

<br>

<pre>
mysql> DESC weather;
+---------+-------------+------+-----+---------+-------+
| Field   | Type        | Null | Key | Default | Extra |
+---------+-------------+------+-----+---------+-------+
| day     | date        | YES  |     | NULL    |       |
| weather | varchar(20) | YES  |     | NULL    |       |
| temp    | int         | YES  |     | NULL    |       |
+---------+-------------+------+-----+---------+-------+
3 rows in set (0.00 sec)
</pre>

<br>

### ORDER BY

`select column from table where A(conditional expression) ORDER BY column`

<pre>
mysql> select * from weather order by temp;
+------------+---------+------+
| day        | weather | temp |
+------------+---------+------+
| 2021-05-28 | rainy   |   18 |
| 2021-05-27 | rainy   |   19 |
| 2021-05-26 | cloudy  |   20 |
| 2021-05-29 | sunny   |   21 |
| 2021-05-30 | cloudy  |   21 |
| 2021-05-31 | sunny   |   22 |
+------------+---------+------+
</pre>

<br>

`select * from table ORDER BY A DESC`

<pre>
mysql> select * from weather ORDER BY temp DESC;
+------------+---------+------+
| day        | weather | temp |
+------------+---------+------+
| 2021-05-31 | sunny   |   22 |
| 2021-05-29 | sunny   |   21 |
| 2021-05-30 | cloudy  |   21 |
| 2021-05-26 | cloudy  |   20 |
| 2021-05-27 | rainy   |   19 |
| 2021-05-28 | rainy   |   18 |
+------------+---------+------+
6 rows in set (0.00 sec)
</pre>

<br>

`select * from table ORDER BY A, B`

<pre>
mysql> select * from weather ORDER BY weather, temp;
+------------+---------+------+
| day        | weather | temp |
+------------+---------+------+
| 2021-05-26 | cloudy  |   20 |
| 2021-05-30 | cloudy  |   21 |
| 2021-05-28 | rainy   |   18 |
| 2021-05-27 | rainy   |   19 |
| 2021-05-29 | sunny   |   21 |
| 2021-05-31 | sunny   |   22 |
+------------+---------+------+
6 rows in set (0.00 sec)
</pre>

<br>

`select * from table ORDER BY A(asc/desc), B(asc/desc)`

<pre>
mysql> select * from weather order by weather asc, temp desc;
+------------+---------+------+
| day        | weather | temp |
+------------+---------+------+
| 2021-05-30 | cloudy  |   21 |
| 2021-05-26 | cloudy  |   20 |
| 2021-05-27 | rainy   |   19 |
| 2021-05-28 | rainy   |   18 |
| 2021-05-31 | sunny   |   22 |
| 2021-05-29 | sunny   |   21 |
+------------+---------+------+
6 rows in set (0.00 sec)
</pre>

<br>

### LIMIT

`select * from table LIMIT rows`

<pre>
mysql> select * from weather limit 3;
+------------+---------+------+
| day        | weather | temp |
+------------+---------+------+
| 2021-05-26 | cloudy  |   20 |
| 2021-05-27 | rainy   |   19 |
| 2021-05-28 | rainy   |   18 |
+------------+---------+------+
3 rows in set (0.00 sec)
</pre>

<br>


`select * from table LIMIT rows OFFSET position`

<pre>
mysql> select * from weather limit 4 offset 2;
+------------+---------+------+
| day        | weather | temp |
+------------+---------+------+
| 2021-05-28 | rainy   |   18 |
| 2021-05-29 | sunny   |   21 |
| 2021-05-30 | cloudy  |   21 |
| 2021-05-31 | sunny   |   22 |
+------------+---------+------+
4 rows in set (0.00 sec)
</pre>

<br>

### NUMERICAL OPERATION

`select EXPRESSION from table`

<pre>
mysql> select temp, temp * 2 from weather;
+------+----------+
| temp | temp * 2 |
+------+----------+
|   20 |       40 |
|   19 |       38 |
|   18 |       36 |
|   21 |       42 |
|   21 |       42 |
|   22 |       44 |
+------+----------+
6 rows in set (0.00 sec)
</pre>

<br>

`select EXPRESSION AS NICKNAME from table`

<pre>
mysql> select temp, temp * 2 as "double temp" from weather;
+------+-------------+
| temp | double temp |
+------+-------------+
|   20 |          40 |
|   19 |          38 |
|   18 |          36 |
|   21 |          42 |
|   21 |          42 |
|   22 |          44 |
+------+-------------+
6 rows in set (0.00 sec)
</pre>

<br>

`select EXPRESSION AS NICKNAME from table WHERE EXPRESSION`

<pre>
mysql> select temp, temp * 2 as "double temp" from weather where temp > 20;
+------+-------------+
| temp | double temp |
+------+-------------+
|   21 |          42 |
|   21 |          42 |
|   22 |          44 |
+------+-------------+
3 rows in set (0.01 sec)
</pre>

<br>

`select EXPRESSION AS NICKNAME from table ORDER BY column asc/desc`

<pre>
mysql> select temp, temp * 2 as "double temp" from weather order by temp * 2 desc;
+------+-------------+
| temp | double temp |
+------+-------------+
|   22 |          44 |
|   21 |          42 |
|   21 |          42 |
|   20 |          40 |
|   19 |          38 |
|   18 |          36 |
+------+-------------+
6 rows in set (0.00 sec)
</pre>

<br>

### STRING OPERATION

`select concat(column, column) from table`

<pre>
mysql> select concat(weather, temp) from weather;
+-----------------------+
| concat(weather, temp) |
+-----------------------+
| cloudy20              |
| rainy19               |
| rainy18               |
| sunny21               |
| cloudy21              |
| sunny22               |
+-----------------------+
6 rows in set (0.00 sec)
</pre>

<br>

### DATE OPERATION

`select CURRENT_TIMESTAMP`

<pre>
mysql> select current_timestamp;
+---------------------+
| current_timestamp   |
+---------------------+
| 2021-05-26 11:43:40 |
+---------------------+
1 row in set (0.00 sec)
</pre>

<br>

`select CURRENT_DATE + INTERVAL TIME`

<pre>
mysql> select current_date + interval 1 day;
+-------------------------------+
| current_date + interval 1 day |
+-------------------------------+
| 2021-05-27                    |
+-------------------------------+
1 row in set (0.00 sec)
</pre>

<br>

`select DATEDIFF(DATE, DATE)`
<pre>
mysql> select datediff("2018-06-25", "2016-09-26");
+--------------------------------------+
| datediff("2018-06-25", "2016-09-26") |
+--------------------------------------+
|                                  637 |
+--------------------------------------+
1 row in set (0.00 sec)
</pre>

<br>
