# Select - Case

<pre>
mysql> select * from Score;
+-------+------+---------+
| name  | math | history |
+-------+------+---------+
| Sam   |   80 |      65 |
| Dan   |  100 |    NULL |
| David | NULL |    NULL |
| Jake  |   90 |      90 |
+-------+------+---------+
4 rows in set (0.01 sec)
</pre>

<pre>
mysql> desc Score;
+---------+-------------+------+-----+---------+-------+
| Field   | Type        | Null | Key | Default | Extra |
+---------+-------------+------+-----+---------+-------+
| name    | varchar(10) | YES  |     | NULL    |       |
| math    | int         | YES  |     | NULL    |       |
| history | int         | YES  |     | NULL    |       |
+---------+-------------+------+-----+---------+-------+
3 rows in set (0.01 sec)
</pre>

### CASE

`select CASE WHEN expression THEN expression END nickname`

<pre>
mysql> select name, case when math is null 
then "X" else "O" end "pass" from Score;
+-------+------+
| name  | pass |
+-------+------+
| Sam   | O    |
| Dan   | O    |
| David | X    |
| Jake  | O    |
+-------+------+
4 rows in set (0.00 sec)
</pre>

<br>

<pre>
mysql> select name, case when (math + history) >= 180 then "A" 
when (math + history) >= 160 then "B" 
when (math + history) >= 140 then "C" else "F" end "grade" from Score;
+-------+-------+
| name  | grade |
+-------+-------+
| Sam   | C     |
| Dan   | F     |
| David | F     |
| Jake  | A     |
+-------+-------+
4 rows in set (0.00 sec)
</pre>
