<pre>
mysql> desc trade;
+-------+-------------+------+-----+---------+-------+
| Field | Type        | Null | Key | Default | Extra |
+-------+-------------+------+-----+---------+-------+
| name  | varchar(10) | YES  |     | NULL    |       |
| buy   | int         | YES  |     | NULL    |       |
| sell  | int         | YES  |     | NULL    |       |
+-------+-------------+------+-----+---------+-------+
3 rows in set (0.00 sec)
</pre>

<br>

<pre>
mysql> select * from trade;
Empty set (0.01 sec)
</pre>

# INSERT

`INSERT INTO table VALUES(value)`

<pre>
mysql> insert into trade values("XRP", 1330, 1210);
Query OK, 1 row affected (0.01 sec)

mysql> select * from trade;
+------+------+------+
| name | buy  | sell |
+------+------+------+
| XRP  | 1330 | 1210 |
+------+------+------+
1 row in set (0.00 sec)
</pre>

<br>

### Default

<pre>
mysql> insert into trade values("DOGE", 450, default);
Query OK, 1 row affected (0.01 sec)

mysql> select * from trade;
+------+------+------+
| name | buy  | sell |
+------+------+------+
| XRP  | 1330 | 1210 |
| DOGE |  450 | NULL |
+------+------+------+
2 rows in set (0.00 sec)
</pre>

<br>

# DELETE

`DELETE FROM table WHERE expression`

<pre>
mysql> delete from trade where name = "XRP";
Query OK, 1 row affected (0.00 sec)

mysql> select * from trade;
+------+------+------+
| name | buy  | sell |
+------+------+------+
| DOGE |  450 | NULL |
+------+------+------+
1 row in set (0.01 sec)
</pre>

<br>

# UPDATE

`UPDATE table SET row = value WHERE expression`

<pre>
mysql> update trade set sell = 460 where name = "DOGE";
Query OK, 1 row affected (0.01 sec)
Rows matched: 1  Changed: 1  Warnings: 0

mysql> select * from trade;
+------+------+------+
| name | buy  | sell |
+------+------+------+
| DOGE |  450 |  460 |
+------+------+------+
1 row in set (0.00 sec)
</pre>

<br>

<pre>
mysql> select * from trade;
+------+------+------+
| name | buy  | sell |
+------+------+------+
| DOGE |  450 |  460 |
| ETC  | NULL | NULL |
| BTC  | NULL | NULL |
+------+------+------+
3 rows in set (0.00 sec)
</pre>

<br>

<pre>
mysql> update trade set buy = 93000, sell = 96000 where name = "ETC";
Query OK, 1 row affected (0.01 sec)
Rows matched: 1  Changed: 1  Warnings: 0

mysql> select * from trade;
+------+-------+-------+
| name | buy   | sell  |
+------+-------+-------+
| DOGE |   450 |   460 |
| ETC  | 93000 | 96000 |
| BTC  |  NULL |  NULL |
+------+-------+-------+
3 rows in set (0.00 sec)
</pre>

<br>

# 2 ways to delete

### Update (logical)

<pre>
mysql> update trade set buy = 0, sell = 0 where name = "DOGE";
Query OK, 1 row affected (0.01 sec)
Rows matched: 1  Changed: 1  Warnings: 0

mysql> select * from trade;
+------+-------+-------+
| name | buy   | sell  |
+------+-------+-------+
| DOGE |     0 |     0 |
| ETC  | 93000 | 96000 |
| BTC  |  NULL |  NULL |
+------+-------+-------+
3 rows in set (0.01 sec)
</pre>


<br>


### Delete (physical)

<pre>
mysql> delete from trade where name = "ETC";
Query OK, 1 row affected (0.01 sec)

mysql> select * from trade;
+------+------+------+
| name | buy  | sell |
+------+------+------+
| DOGE |    0 |    0 |
| BTC  | NULL | NULL |
+------+------+------+
2 rows in set (0.00 sec)
</pre>
