# Count

<pre>
mysql> select * from workexperiences;
+-------------+-----------+--------+
| name        | position  | period |
+-------------+-----------+--------+
| Novotel     | intern    |      1 |
| Raracost    | Full-time |      5 |
| Eworld      | Part-time |      2 |
| Pizza hut   | Part-time |      6 |
| Yuzu Dining | Full-time |      8 |
| Kakao       | Full-time |   NULL |
+-------------+-----------+--------+
6 rows in set (0.01 sec)
</pre>

`select COUNT(*) from table`

<pre>
mysql> select count(*) from workexperiences;
+----------+
| count(*) |
+----------+
|        6 |
+----------+
1 row in set (0.01 sec)
</pre>

<br>

`select COUNT(*) from table WHERE A`

<pre>
mysql> select count(*) from workexperiences where position = "Full-time";
+----------+
| count(*) |
+----------+
|        3 |
+----------+
1 row in set (0.01 sec)
</pre>

<br>

### Null

<pre>
mysql> select count(name), count(period) from workexperiences;
+-------------+---------------+
| count(name) | count(period) |
+-------------+---------------+
|           6 |             5 |
+-------------+---------------+
1 row in set (0.00 sec)
</pre>

### Distinct

`select DISTINCT column from table`

<pre>
mysql> select distinct name from workexperiences;
+-------------+
| name        |
+-------------+
| Novotel     |
| Raracost    |
| Eworld      |
| Pizza hut   |
| Yuzu Dining |
| Kakao       |
+-------------+
6 rows in set (0.00 sec)
</pre>

<br>

# Count - Sum

`select SUM(column) from table`

<pre>
mysql> select sum(period) from workexperiences;
+-------------+
| sum(period) |
+-------------+
|          22 |
+-------------+
1 row in set (0.01 sec)
</pre>

<br>

# Count - Avg

`select AVG(column) from table`

<pre>
mysql> select avg(period) from workexperiences;
+-------------+
| avg(period) |
+-------------+
|      4.4000 |
+-------------+
1 row in set (0.00 sec)
</pre>

<br>

# Count - Min, Max

`select MIN(column), MAX(column) from table`

<pre>
mysql> select min(period), max(period) from workexperiences;
+-------------+-------------+
| min(period) | max(period) |
+-------------+-------------+
|           1 |           8 |
+-------------+-------------+
1 row in set (0.01 sec)
</pre>
